{
  "config": {
    "steps": 50,
    "warmup": 10,
    "repeats": 3,
    "dim": 128,
    "batch": 4,
    "seq": 64,
    "output": null
  },
  "mlx_version": "0.30.6",
  "results": [
    {
      "name": "old_multi_barrier",
      "mean_ms": 6.404493059999747,
      "stdev_ms": 0.23626214655063993,
      "min_ms": 6.141705840000213,
      "max_ms": 6.59934499999963,
      "all_ms": [
        6.141705840000213,
        6.4724283399993965,
        6.59934499999963
      ]
    },
    {
      "name": "new_single_barrier",
      "mean_ms": 4.6067208266670905,
      "stdev_ms": 0.412771293078237,
      "min_ms": 4.365261660000215,
      "max_ms": 5.083334160000277,
      "all_ms": [
        4.365261660000215,
        4.371566660000781,
        5.083334160000277
      ]
    },
    {
      "name": "new_eval_freq2",
      "mean_ms": 4.791148053333624,
      "stdev_ms": 0.05996297302467805,
      "min_ms": 4.723153319999938,
      "max_ms": 4.836463340000137,
      "all_ms": [
        4.813827500000798,
        4.723153319999938,
        4.836463340000137
      ]
    }
  ]
}
