{
  "config": {
    "steps": 30,
    "warmup": 5,
    "repeats": 3,
    "dim": 512,
    "batch": 4,
    "seq": 128,
    "output": "/Users/andrew/zRepos/DeepFilterNet/logs/sync_barrier_benchmark_large.json"
  },
  "mlx_version": "0.30.6",
  "results": [
    {
      "name": "old_multi_barrier",
      "mean_ms": 17.20826573333372,
      "stdev_ms": 0.04781709542583786,
      "min_ms": 17.179662500001314,
      "max_ms": 17.263468033333613,
      "all_ms": [
        17.263468033333613,
        17.18166666666624,
        17.179662500001314
      ]
    },
    {
      "name": "new_single_barrier",
      "mean_ms": 16.65395323333314,
      "stdev_ms": 0.01846711159446191,
      "min_ms": 16.633236100000204,
      "max_ms": 16.668686099999757,
      "all_ms": [
        16.668686099999757,
        16.65993749999946,
        16.633236100000204
      ]
    },
    {
      "name": "new_eval_freq2",
      "mean_ms": 16.841000466666223,
      "stdev_ms": 0.07967614801245677,
      "min_ms": 16.754579166666872,
      "max_ms": 16.91153889999934,
      "all_ms": [
        16.856883333332462,
        16.91153889999934,
        16.754579166666872
      ]
    }
  ]
}
